                  epoch,         train/box_loss,         train/cls_loss,         train/dfl_loss,   metrics/precision(B),      metrics/recall(B),       metrics/mAP50(B),    metrics/mAP50-95(B),           val/box_loss,           val/cls_loss,           val/dfl_loss,                 lr/pg0,                 lr/pg1,                 lr/pg2
                      1,                 2.5441,                 4.0061,                 1.6885,                0.81788,                0.17988,                0.40485,                0.14055,                 2.2251,                 2.8272,                 1.5047,               0.067679,             3.2353e-05,             3.2353e-05
                      2,                 2.0603,                 1.3665,                 1.4276,                0.72904,                0.29939,                0.49165,                0.21411,                  2.026,                 2.4366,                 1.4118,               0.034379,             6.5686e-05,             6.5686e-05
                      3,                 2.0029,                 1.2362,                 1.3732,                0.78891,                0.63937,                0.74095,                0.31122,                 1.9671,                  1.178,                   1.37,              0.0010794,             9.9019e-05,             9.9019e-05
                      4,                 1.9934,                 1.1787,                  1.366,                0.81622,                0.71158,                0.78418,                0.32276,                 1.9798,                 1.1074,                 1.3989,             9.9998e-05,             9.9998e-05,             9.9998e-05
                      5,                 1.9387,                 1.1174,                 1.3613,                0.81284,                 0.7253,                0.80142,                0.33007,                  1.953,                 1.0841,                 1.3691,             9.9996e-05,             9.9996e-05,             9.9996e-05
                      6,                 1.9433,                  1.149,                 1.3664,                0.81477,                0.75356,                0.79876,                0.33068,                 1.9516,                 1.0667,                 1.4023,             9.9994e-05,             9.9994e-05,             9.9994e-05
                      7,                 1.9165,                 1.0866,                 1.3502,                0.81266,                0.77452,                0.81534,                0.34796,                 1.8994,                 1.0774,                 1.3809,             9.9991e-05,             9.9991e-05,             9.9991e-05
                      8,                 1.9304,                 1.1001,                 1.3643,                0.82658,                0.73777,                0.82132,                0.35117,                 1.8977,                 1.0389,                 1.3814,             9.9988e-05,             9.9988e-05,             9.9988e-05
                      9,                 1.9103,                  1.065,                 1.3415,                0.82536,                0.75492,                 0.8142,                 0.3404,                 1.9251,                 1.0684,                 1.3741,             9.9984e-05,             9.9984e-05,             9.9984e-05
                     10,                 1.8976,                 1.0428,                 1.3331,                0.83919,                0.76879,                0.82059,                0.34523,                 1.9539,                 1.0163,                 1.4135,              9.998e-05,              9.998e-05,              9.998e-05
                     11,                 1.8916,                 1.0351,                 1.3515,                0.80724,                0.77325,                0.82305,                0.34349,                  1.932,                 1.0246,                 1.3958,             9.9976e-05,             9.9976e-05,             9.9976e-05
                     12,                  1.884,                 1.0151,                 1.3456,                0.82649,                  0.778,                 0.8301,                0.34145,                 1.9425,                 1.0514,                 1.4024,              9.997e-05,              9.997e-05,              9.997e-05
                     13,                 1.8619,                0.98529,                 1.3404,                0.84325,                0.73795,                0.82188,                0.35095,                 1.9651,                 1.0099,                 1.4135,             9.9965e-05,             9.9965e-05,             9.9965e-05
                     14,                 1.8565,                0.99082,                 1.3365,                0.82571,                0.78156,                0.82752,                0.34474,                 1.9591,                0.99014,                 1.4112,             9.9959e-05,             9.9959e-05,             9.9959e-05
                     15,                 1.8525,                0.97535,                 1.3294,                0.82521,                0.76918,                0.81174,                0.34042,                  1.954,                 1.0162,                 1.4191,             9.9952e-05,             9.9952e-05,             9.9952e-05
                     16,                 1.8523,                0.97783,                 1.3177,                0.81425,                0.76481,                 0.8109,                0.33281,                 2.0049,                0.99287,                 1.4299,             9.9945e-05,             9.9945e-05,             9.9945e-05
                     17,                 1.8204,                0.97737,                 1.3128,                0.82625,                 0.8103,                0.83619,                0.33556,                 1.9905,                0.96769,                 1.4497,             9.9937e-05,             9.9937e-05,             9.9937e-05
                     18,                 1.8369,                0.97815,                 1.3163,                0.83083,                0.76511,                 0.8247,                0.34464,                  1.958,                 0.9775,                  1.426,             9.9929e-05,             9.9929e-05,             9.9929e-05
                     19,                 1.8512,                0.96198,                 1.3305,                0.84649,                0.78617,                0.84617,                0.35347,                 1.9371,                0.95991,                 1.4031,             9.9921e-05,             9.9921e-05,             9.9921e-05
                     20,                 1.8306,                0.97508,                 1.3119,                0.85811,                  0.776,                0.84477,                 0.3592,                 1.9555,                0.94213,                 1.4204,             9.9912e-05,             9.9912e-05,             9.9912e-05
                     21,                 1.8214,                0.93896,                 1.3073,                0.85435,                 0.7885,                0.84824,                0.34348,                 1.9983,                0.91963,                 1.4616,             9.9902e-05,             9.9902e-05,             9.9902e-05
                     22,                 1.8171,                0.92983,                 1.3043,                0.84154,                0.80652,                0.84232,                0.34572,                 2.0136,                0.93771,                 1.4474,             9.9892e-05,             9.9892e-05,             9.9892e-05
                     23,                  1.828,                0.92658,                 1.3164,                 0.8425,                0.76986,                 0.8284,                  0.339,                 2.0217,                0.92027,                 1.4556,             9.9882e-05,             9.9882e-05,             9.9882e-05
                     24,                 1.8116,                0.89347,                 1.3146,                0.86696,                0.75648,                0.83154,                0.34327,                 1.9971,                0.94407,                 1.4497,             9.9871e-05,             9.9871e-05,             9.9871e-05
                     25,                 1.7708,                0.87467,                 1.2965,                 0.8372,                0.82077,                0.85252,                0.35184,                 1.9603,                0.90607,                 1.4351,             9.9859e-05,             9.9859e-05,             9.9859e-05
                     26,                 1.7849,                0.88911,                 1.2933,                0.83759,                0.80584,                0.83849,                0.34315,                 2.0021,                 0.9085,                 1.4804,             9.9847e-05,             9.9847e-05,             9.9847e-05
                     27,                 1.7958,                0.88653,                 1.2885,                0.82827,                0.78955,                0.83551,                0.34231,                 1.9927,                0.91951,                 1.4357,             9.9835e-05,             9.9835e-05,             9.9835e-05
                     28,                 1.7881,                0.87325,                 1.2864,                0.82913,                0.77742,                 0.8142,                0.32285,                 2.0424,                  0.943,                 1.5016,             9.9822e-05,             9.9822e-05,             9.9822e-05
                     29,                 1.7795,                0.86745,                 1.2845,                0.87252,                0.78527,                0.84998,                0.34577,                 2.0419,                 0.8815,                 1.4791,             9.9809e-05,             9.9809e-05,             9.9809e-05
                     30,                 1.7688,                0.84512,                 1.2873,                0.84764,                0.79694,                0.83304,                0.34072,                 2.0528,                0.86093,                 1.5038,             9.9795e-05,             9.9795e-05,             9.9795e-05
                     31,                 1.7418,                0.84325,                 1.2857,                0.84798,                0.80177,                0.84517,                0.34438,                 2.0457,                0.86099,                 1.4669,              9.978e-05,              9.978e-05,              9.978e-05
                     32,                 1.7393,                0.83786,                 1.2627,                0.84499,                0.81048,                0.84138,                0.33972,                  2.043,                0.85441,                 1.5027,             9.9765e-05,             9.9765e-05,             9.9765e-05
                     33,                 1.7417,                0.83195,                 1.2608,                0.85159,                 0.7947,                0.83682,                0.33405,                 2.0752,                0.84869,                 1.5105,              9.975e-05,              9.975e-05,              9.975e-05
                     34,                 1.7079,                0.81823,                 1.2588,                0.83791,                0.80013,                 0.8324,                0.33759,                 2.0404,                0.87948,                 1.5026,             9.9734e-05,             9.9734e-05,             9.9734e-05
                     35,                  1.725,                0.81723,                 1.2781,                0.85175,                 0.8113,                0.83996,                 0.3427,                 2.0407,                0.84953,                 1.5174,             9.9718e-05,             9.9718e-05,             9.9718e-05
                     36,                 1.7217,                0.81403,                 1.2681,                0.85363,                0.80923,                0.85129,                0.34431,                 2.0076,                0.85783,                  1.471,             9.9701e-05,             9.9701e-05,             9.9701e-05
                     37,                 1.7055,                0.79691,                 1.2679,                0.82755,                0.80244,                0.81322,                0.32255,                 2.0983,                0.86814,                 1.5737,             9.9684e-05,             9.9684e-05,             9.9684e-05
                     38,                 1.6941,                0.78825,                 1.2726,                0.85553,                0.78799,                0.82971,                0.34246,                 2.0533,                0.84584,                 1.5206,             9.9666e-05,             9.9666e-05,             9.9666e-05
                     39,                 1.6611,                0.76766,                 1.2374,                0.83602,                0.80177,                0.83342,                 0.3357,                 2.0526,                0.87565,                 1.5256,             9.9648e-05,             9.9648e-05,             9.9648e-05
                     40,                 1.6785,                0.77253,                 1.2568,                0.86047,                0.78751,                0.83848,                0.34022,                 2.0718,                 0.8566,                 1.5121,             9.9629e-05,             9.9629e-05,             9.9629e-05
                     41,                 1.6959,                 0.7717,                 1.2639,                0.85449,                 0.8053,                  0.838,                0.32863,                 2.1212,                0.80708,                 1.6049,              9.961e-05,              9.961e-05,              9.961e-05
                     42,                 1.6812,                0.76769,                 1.2533,                0.84732,                0.81466,                0.84007,                0.33484,                 2.0842,                0.80571,                 1.5486,              9.959e-05,              9.959e-05,              9.959e-05
                     43,                 1.6521,                0.74881,                 1.2391,                0.85026,                0.80448,                0.83346,                0.33705,                 2.0743,                0.84029,                 1.5485,              9.957e-05,              9.957e-05,              9.957e-05
                     44,                 1.6447,                 0.7507,                 1.2393,                0.86448,                0.79701,                0.83588,                0.34619,                 2.0742,                0.83565,                 1.5458,             9.9549e-05,             9.9549e-05,             9.9549e-05
                     45,                 1.6448,                0.74887,                 1.2325,                0.85054,                0.81399,                0.84155,                0.33749,                 2.0836,                0.83837,                  1.547,             9.9528e-05,             9.9528e-05,             9.9528e-05
                     46,                   1.64,                0.75229,                  1.227,                0.84216,                0.80177,                0.83565,                0.33503,                 2.0974,                  0.863,                 1.5419,             9.9506e-05,             9.9506e-05,             9.9506e-05
                     47,                 1.6426,                0.75285,                 1.2433,                0.85002,                0.79643,                0.82765,                0.33302,                 2.1046,                 0.8125,                 1.5628,             9.9484e-05,             9.9484e-05,             9.9484e-05
                     48,                 1.6288,                0.73581,                 1.2241,                 0.8635,                0.79022,                0.83742,                0.33575,                 2.0891,                0.82327,                 1.5556,             9.9461e-05,             9.9461e-05,             9.9461e-05
                     49,                 1.6158,                0.72324,                 1.2219,                0.84939,                0.80923,                0.83502,                0.34307,                 2.0806,                0.81956,                 1.5645,             9.9438e-05,             9.9438e-05,             9.9438e-05
                     50,                 1.5932,                0.72447,                 1.2099,                0.84146,                0.80352,                 0.8224,                0.32671,                 2.1136,                0.82887,                 1.5471,             9.9415e-05,             9.9415e-05,             9.9415e-05
                     51,                 1.5807,                0.70417,                 1.1936,                0.83226,                0.81534,                0.82021,                 0.3261,                 2.0958,                0.79176,                  1.578,             9.9391e-05,             9.9391e-05,             9.9391e-05
                     52,                 1.5727,                0.71049,                  1.194,                0.83411,                  0.809,                0.82272,                0.33098,                  2.087,                0.84506,                 1.5438,             9.9366e-05,             9.9366e-05,             9.9366e-05
                     53,                 1.5488,                0.70239,                 1.1848,                0.84138,                 0.7943,                0.81868,                0.32996,                 2.1328,                0.83231,                 1.6434,             9.9341e-05,             9.9341e-05,             9.9341e-05
                     54,                  1.563,                0.70667,                 1.1953,                0.85329,                 0.7814,                0.82775,                0.32287,                 2.0806,                0.83496,                 1.5663,             9.9315e-05,             9.9315e-05,             9.9315e-05
                     55,                 1.5511,                0.69099,                 1.1909,                0.85435,                 0.7805,                0.81171,                0.33117,                  2.117,                0.80559,                 1.6075,             9.9289e-05,             9.9289e-05,             9.9289e-05
                     56,                 1.5491,                0.68655,                 1.1929,                0.84736,                0.81466,                0.83967,                 0.3459,                 2.1047,                0.80394,                 1.5816,             9.9263e-05,             9.9263e-05,             9.9263e-05
                     57,                 1.5512,                0.68649,                 1.1915,                0.84293,                0.79905,                0.81399,                0.32537,                 2.1053,                0.82946,                 1.6106,             9.9236e-05,             9.9236e-05,             9.9236e-05
                     58,                 1.5237,                0.67639,                 1.1824,                0.84695,                0.80773,                0.84136,                 0.3298,                 2.0993,                0.82687,                 1.5803,             9.9208e-05,             9.9208e-05,             9.9208e-05
                     59,                 1.5258,                0.68715,                 1.1804,                0.84976,                0.80584,                0.82832,                 0.3271,                 2.1139,                0.79906,                 1.5857,             9.9181e-05,             9.9181e-05,             9.9181e-05
                     60,                 1.5149,                0.66349,                 1.1733,                0.84348,                 0.8072,                 0.8206,                 0.3187,                 2.1481,                0.81619,                 1.6122,             9.9152e-05,             9.9152e-05,             9.9152e-05
                     61,                 1.5143,                0.68412,                 1.1783,                0.85357,                0.80335,                 0.8316,                0.33538,                 2.1007,                0.80089,                 1.6143,             9.9123e-05,             9.9123e-05,             9.9123e-05
                     62,                 1.4721,                0.65468,                 1.1538,                0.83716,                0.81319,                0.82657,                0.32687,                 2.1363,                0.77966,                 1.6659,             9.9094e-05,             9.9094e-05,             9.9094e-05
                     63,                 1.4746,                0.66031,                 1.1621,                0.83976,                0.81121,                0.82758,                0.32244,                 2.1587,                0.78658,                 1.6624,             9.9064e-05,             9.9064e-05,             9.9064e-05
                     64,                 1.4765,                0.65363,                  1.155,                0.85232,                0.79537,                0.81784,                0.32292,                 2.1486,                0.81645,                 1.6566,             9.9034e-05,             9.9034e-05,             9.9034e-05
                     65,                 1.4666,                0.63252,                  1.138,                0.84709,                0.81263,                0.82285,                0.32985,                 2.1413,                0.76213,                 1.6402,             9.9003e-05,             9.9003e-05,             9.9003e-05
                     66,                 1.4678,                0.65318,                 1.1553,                0.83634,                0.80831,                0.81374,                0.31152,                 2.1462,                0.84021,                 1.6547,             9.8972e-05,             9.8972e-05,             9.8972e-05
                     67,                 1.4738,                 0.6544,                 1.1513,                0.82562,                0.80109,                0.82611,                0.32253,                 2.1677,                0.81272,                 1.6628,              9.894e-05,              9.894e-05,              9.894e-05
                     68,                 1.4618,                0.64676,                 1.1546,                0.85099,                0.80253,                 0.8187,                0.31828,                 2.1773,                0.79538,                 1.6843,             9.8908e-05,             9.8908e-05,             9.8908e-05
                     69,                 1.4551,                0.63068,                 1.1411,                0.85013,                0.81253,                0.83595,                0.32915,                 2.1377,                0.77206,                 1.6253,             9.8875e-05,             9.8875e-05,             9.8875e-05
                     70,                 1.4275,                0.63369,                 1.1197,                0.84651,                0.81246,                0.83484,                0.33007,                 2.1564,                0.79079,                 1.6471,             9.8842e-05,             9.8842e-05,             9.8842e-05
                     71,                 1.4243,                0.64118,                 1.1298,                0.83393,                 0.8216,                0.82717,                0.31747,                 2.1867,                0.78452,                 1.7096,             9.8808e-05,             9.8808e-05,             9.8808e-05
                     72,                 1.4266,                0.63842,                  1.138,                0.83208,                0.81263,                 0.8267,                0.33734,                 2.1312,                 0.7854,                 1.6646,             9.8774e-05,             9.8774e-05,             9.8774e-05
                     73,                 1.4094,                0.62049,                 1.1225,                 0.8392,                0.80584,                0.81549,                0.32403,                   2.13,                0.79299,                 1.6777,             9.8739e-05,             9.8739e-05,             9.8739e-05
                     74,                 1.4105,                0.61904,                 1.1114,                0.84329,                0.79498,                0.80546,                 0.3267,                 2.1213,                0.79932,                 1.6386,             9.8704e-05,             9.8704e-05,             9.8704e-05
                     75,                 1.4064,                0.61831,                 1.1285,                 0.8349,                0.81023,                0.81502,                0.32384,                 2.1672,                0.78455,                 1.6608,             9.8668e-05,             9.8668e-05,             9.8668e-05
                     76,                  1.409,                0.61778,                 1.1263,                0.84772,                0.80875,                0.82538,                0.32506,                 2.1475,                0.78718,                 1.6856,             9.8632e-05,             9.8632e-05,             9.8632e-05
                     77,                 1.3899,                0.62975,                 1.1185,                0.85056,                0.81874,                0.83439,                 0.3312,                 2.1282,                0.79901,                 1.6665,             9.8596e-05,             9.8596e-05,             9.8596e-05
                     78,                 1.4013,                0.61902,                 1.1235,                0.83209,                0.82892,                  0.832,                0.33317,                 2.1187,                0.77165,                 1.6876,             9.8559e-05,             9.8559e-05,             9.8559e-05
                     79,                 1.3898,                0.60894,                 1.1237,                0.84707,                0.80849,                0.82016,                0.32309,                 2.1829,                0.79663,                 1.7214,             9.8521e-05,             9.8521e-05,             9.8521e-05
                     80,                 1.3665,                0.60983,                 1.1053,                0.85715,                0.80448,                0.83213,                0.32765,                 2.1814,                0.78309,                 1.7098,             9.8483e-05,             9.8483e-05,             9.8483e-05
                     81,                 1.3752,                0.61722,                 1.1058,                0.84839,                0.80919,                0.81703,                 0.3238,                 2.1779,                0.78409,                 1.7509,             9.8445e-05,             9.8445e-05,             9.8445e-05
                     82,                 1.3616,                0.60395,                 1.1072,                0.84694,                0.78888,                0.81813,                0.32906,                 2.1637,                0.78167,                 1.7106,             9.8406e-05,             9.8406e-05,             9.8406e-05
                     83,                 1.3533,                0.60654,                  1.106,                0.82342,                0.80724,                0.81835,                0.32297,                 2.1951,                0.80889,                 1.6976,             9.8367e-05,             9.8367e-05,             9.8367e-05
                     84,                  1.339,                0.59919,                 1.0945,                0.84369,                 0.8025,                0.82112,                0.31883,                 2.1849,                0.77685,                 1.7144,             9.8327e-05,             9.8327e-05,             9.8327e-05
                     85,                 1.3362,                0.59943,                 1.0918,                0.84236,                0.78955,                0.81471,                0.32413,                 2.1566,                0.81146,                 1.6713,             9.8286e-05,             9.8286e-05,             9.8286e-05
                     86,                 1.3351,                0.59534,                 1.0918,                0.84984,                0.78819,                0.81883,                0.32795,                 2.1557,                0.79076,                 1.6919,             9.8246e-05,             9.8246e-05,             9.8246e-05
                     87,                 1.3112,                0.58306,                 1.0805,                 0.8346,                0.81399,                0.82393,                0.32899,                 2.1658,                0.79706,                 1.7361,             9.8204e-05,             9.8204e-05,             9.8204e-05
                     88,                 1.2991,                0.58911,                 1.0754,                0.83714,                0.79973,                0.82347,                0.32767,                 2.1691,                0.79383,                 1.7176,             9.8163e-05,             9.8163e-05,             9.8163e-05
                     89,                 1.3445,                0.60811,                 1.0892,                0.84124,                0.80991,                0.81831,                0.31048,                 2.1892,                0.78932,                 1.7693,              9.812e-05,              9.812e-05,              9.812e-05
                     90,                 1.3213,                0.59058,                  1.091,                 0.8513,                0.79905,                0.82013,                0.31956,                 2.1824,                0.79462,                 1.7219,             9.8078e-05,             9.8078e-05,             9.8078e-05
                     91,                 1.3102,                0.58467,                 1.0873,                0.82601,                0.81331,                0.82035,                0.33076,                 2.1872,                 0.7994,                 1.7573,             9.8035e-05,             9.8035e-05,             9.8035e-05
                     92,                 1.3194,                0.58507,                 1.0888,                0.85437,                0.78955,                0.82566,                0.32412,                 2.1805,                0.81425,                 1.7213,             9.7991e-05,             9.7991e-05,             9.7991e-05
                     93,                 1.2917,                0.58843,                 1.0776,                0.85519,                0.80989,                0.83524,                0.32981,                 2.1786,                 0.7854,                 1.7638,             9.7947e-05,             9.7947e-05,             9.7947e-05
                     94,                 1.3036,                0.57205,                 1.0769,                0.84943,                0.78615,                0.81743,                0.31884,                 2.1773,                0.81324,                 1.7158,             9.7902e-05,             9.7902e-05,             9.7902e-05
                     95,                 1.2965,                0.57069,                 1.0826,                0.82357,                0.80041,                0.81838,                0.32613,                 2.1912,                0.79425,                 1.7314,             9.7857e-05,             9.7857e-05,             9.7857e-05
                     96,                 1.2731,                 0.5668,                  1.071,                0.83022,                0.80671,                0.82576,                0.33084,                 2.1675,                0.79123,                 1.7032,             9.7812e-05,             9.7812e-05,             9.7812e-05
                     97,                 1.2557,                 0.5591,                 1.0677,                0.83019,                0.81874,                0.82404,                0.32861,                 2.1679,                0.78346,                 1.7324,             9.7766e-05,             9.7766e-05,             9.7766e-05
                     98,                 1.2833,                0.57422,                 1.0687,                0.84375,                 0.8065,                0.82065,                0.32767,                 2.1769,                0.80714,                 1.7335,             9.7719e-05,             9.7719e-05,             9.7719e-05
                     99,                 1.2893,                0.56782,                 1.0702,                0.83293,                0.80041,                0.81247,                 0.3139,                 2.2138,                0.79256,                 1.7675,             9.7672e-05,             9.7672e-05,             9.7672e-05
                    100,                 1.2425,                0.56069,                 1.0555,                0.82222,                 0.8072,                0.80369,                0.31111,                 2.2151,                0.79347,                 1.8146,             9.7625e-05,             9.7625e-05,             9.7625e-05
                    101,                 1.2468,                 0.5581,                 1.0632,                0.84209,                0.81466,                0.81253,                0.32343,                    2.2,                 0.7728,                 1.7887,             9.7577e-05,             9.7577e-05,             9.7577e-05
                    102,                 1.2315,                0.56246,                 1.0567,                0.84095,                0.79905,                0.82063,                0.32725,                 2.1841,                0.78421,                 1.7831,             9.7529e-05,             9.7529e-05,             9.7529e-05
                    103,                 1.2276,                0.55055,                   1.06,                 0.8537,                 0.7943,                0.81423,                0.33227,                 2.1818,                0.78458,                  1.787,              9.748e-05,              9.748e-05,              9.748e-05
                    104,                 1.2408,                0.55533,                 1.0478,                0.85306,                0.78823,                 0.8198,                0.33079,                 2.1877,                0.78699,                 1.7534,             9.7431e-05,             9.7431e-05,             9.7431e-05
                    105,                 1.2383,                0.55679,                 1.0541,                0.85034,                 0.7814,                0.80713,                0.31585,                 2.1938,                0.78209,                 1.7995,             9.7381e-05,             9.7381e-05,             9.7381e-05
                    106,                 1.2492,                0.55307,                 1.0538,                0.84605,                0.79362,                0.81877,                 0.3268,                 2.1958,                0.79799,                 1.7635,             9.7331e-05,             9.7331e-05,             9.7331e-05
                    107,                 1.2213,                0.54657,                 1.0478,                0.84925,                0.81081,                0.82097,                0.31962,                  2.191,                0.79162,                 1.7598,             9.7281e-05,             9.7281e-05,             9.7281e-05
                    108,                 1.2266,                0.55128,                 1.0468,                 0.8501,                0.79314,                0.80822,                0.32852,                 2.1782,                 0.7818,                 1.7533,              9.723e-05,              9.723e-05,              9.723e-05
                    109,                 1.1968,                0.54411,                 1.0451,                0.85246,                0.79566,                0.82175,                0.33265,                 2.1793,                0.76833,                   1.77,             9.7178e-05,             9.7178e-05,             9.7178e-05
                    110,                 1.2134,                0.55344,                 1.0518,                0.85915,                0.79294,                0.82433,                0.33185,                 2.1772,                0.78141,                 1.7753,             9.7126e-05,             9.7126e-05,             9.7126e-05
                    111,                 1.1987,                 0.5376,                 1.0407,                0.84083,                0.79362,                0.82142,                0.33309,                 2.1777,                0.77845,                 1.7793,             9.7074e-05,             9.7074e-05,             9.7074e-05
                    112,                 1.2044,                0.53746,                 1.0435,                0.84357,                0.78072,                0.81269,                0.32579,                 2.1911,                0.80118,                 1.7568,             9.7021e-05,             9.7021e-05,             9.7021e-05
                    113,                 1.1993,                0.53645,                 1.0307,                0.81851,                0.81059,                0.81172,                0.32798,                 2.1875,                0.77429,                 1.7461,             9.6967e-05,             9.6967e-05,             9.6967e-05
                    114,                 1.2006,                0.54231,                 1.0292,                 0.8237,                 0.8201,                0.80814,                 0.3193,                 2.1646,                0.78806,                 1.7507,             9.6914e-05,             9.6914e-05,             9.6914e-05
                    115,                 1.1964,                0.54148,                 1.0389,                0.84499,                0.80177,                0.81543,                0.32118,                 2.2087,                0.79283,                  1.785,             9.6859e-05,             9.6859e-05,             9.6859e-05
                    116,                 1.1819,                0.54261,                 1.0244,                0.82232,                0.80788,                0.81011,                0.31732,                 2.2302,                0.79654,                 1.7999,             9.6804e-05,             9.6804e-05,             9.6804e-05
                    117,                 1.1715,                0.53068,                 1.0256,                0.85154,                0.80992,                0.82177,                0.32336,                 2.2089,                0.79713,                 1.8168,             9.6749e-05,             9.6749e-05,             9.6749e-05
                    118,                  1.178,                 0.5258,                 1.0326,                0.82792,                0.80991,                0.81593,                0.32884,                 2.1927,                0.79158,                 1.7582,             9.6694e-05,             9.6694e-05,             9.6694e-05
                    119,                 1.1816,                0.53216,                  1.032,                0.83909,                0.80713,                0.82697,                0.32815,                 2.2059,                0.78328,                 1.7643,             9.6638e-05,             9.6638e-05,             9.6638e-05
                    120,                 1.1789,                0.53206,                 1.0286,                0.82677,                0.82145,                0.81684,                0.33225,                 2.1654,                0.75804,                 1.7751,             9.6581e-05,             9.6581e-05,             9.6581e-05
